issn 08716196	issn=08716196
issn 08728844	issn=08728844
issn 08700311	issn=08700311
issn 08739781	issn=08739781
issn 08707618	issn=08707618
issn 08720754	issn=08720754
issn 08740283	issn=08740283
issn 08746206	issn=08746206
issn 16296583	issn=16296583
issn 08724814	issn=08724814
issn 0812282x	issn=0812282x
issn 16458753	issn=16458753
issn 08726914	issn=08726914
issn 0874808x	issn=0874808x
issn 03745406	issn=03745406
issn 08712212	issn=08712212
issn 08743843	issn=08743843
issn 08714797	issn=08714797
issn 14157179	issn=14157179
issn 0377.2454	issn=0377.2454
issn 08701628	issn=08701628
issn 03772276	issn=03772276
issn 08731683	issn=08731683
issn 08736324	issn=08736324
issn 08730687	issn=08730687
issn 08706182	issn=08706182
issn 08704554	issn=08704554
issn 08746346	issn=08746346
issn 08720746	issn=08720746
issn 08707499	issn=08707499
issn 08741212	issn=08741212
issn 08735700	issn=08735700
issn 08746540	issn=08746540
issn 0873559x	issn=0873559x
issn 08740321	issn=08740321
issn 08708754	issn=08708754
issn 08708525	issn=08708525
issn 16458923	issn=16458923
issn 15740200	issn=15740200
issn 9722018884	issn=9722018884
issn 9722018906	issn=9722018906
issn 9722018094	issn=9722018094
issn 9789897024818	issn=9789897024818
issn 9725592670	issn=9725592670
issn 2445589	issn=2445589
issn 08745102	issn=08745102
issn 08748047	issn=08748047
issn 08726493	issn=08726493
issn 03772284	issn=03772284
issn 16465989	issn=16465989
issn 972610291x	issn=972610291x
issn 03673561	issn=03673561
issn 08717497	issn=08717497
issn 0870757x	issn=0870757x
issn 08740607	issn=08740607
issn 08712654	issn=08712654
issn 07707940	issn=07707940
issn 21825459	issn=21825459
issn 9728116837	issn=9728116837
issn 9725748077	issn=9725748077
issn 9727300286	issn=9727300286
issn 9727300251	issn=9727300251
issn 9727300227	issn=9727300227
issn 9727300278	issn=9727300278
issn 9727300235	issn=9727300235
issn 9727300219	issn=9727300219
issn 9781409150725	issn=9781409150725
issn 9780141357058	issn=9780141357058
issn 9780525555360	issn=9780525555360
issn 49171621	issn=49171621
issn 08731276	issn=08731276
issn 00032573	issn=00032573
issn 08747970	issn=08747970
issn 0871682x	issn=0871682x
issn 08747296	issn=08747296
issn 08717982	issn=08717982
issn 00424447	issn=00424447
issn 08742847	issn=08742847
issn 08717389	issn=08717389
issn 08740682	issn=08740682
issn 08746931	issn=08746931
issn 08740658	issn=08740658
issn 16452909	issn=16452909
issn 9723111039	issn=9723111039
issn 16455703	issn=16455703
issn 08723540	issn=08723540
issn 21824932	issn=21824932
issn 9789728572167	issn=9789728572167
issn 9724221792	issn=9724221792
issn 16451775	issn=16451775
issn 08748594	issn=08748594
issn 12452998	issn=12452998
issn 0873125x	issn=0873125x
issn 9724216594	issn=9724216594
issn 16477707	issn=16477707
issn 02541106	issn=02541106
issn 08736529	issn=08736529
issn 13874813	issn=13874813
issn 08733260	issn=08733260
issn 00280712	issn=00280712
issn 20138369	issn=20138369
issn 03043053	issn=03043053
issn 00131784	issn=00131784
issn 08730504	issn=08730504
issn 15666476	issn=15666476
issn 15775615	issn=15775615
issn 00368148	issn=00368148
issn 08749698	issn=08749698
issn 08739606	issn=08739606
issn 03600025	issn=03600025
issn 08745560	issn=08745560
issn 08727139	issn=08727139
issn 02100630	issn=02100630
issn 0870841 x	issn=0870841 x
issn 0874548x	issn=0874548x
issn 08728925	issn=08728925
issn 13879553	issn=13879553
issn 08747776	issn=08747776
issn 08717516	issn=08717516
issn 08749620	issn=08749620
issn 16452240	issn=16452240
issn 08734909	issn=08734909
issn 16450752	issn=16450752
issn 16454022	issn=16454022
issn 08748691	issn=08748691
issn 00220574	issn=00220574
issn 08713316	issn=08713316
issn 08742901	issn=08742901
issn 08723192	issn=08723192
issn 16455681	issn=16455681
issn 16457668	issn=16457668
issn 15634159	issn=15634159
issn 02562928	issn=02562928
issn 10488820	issn=10488820
issn 08706565	issn=08706565
issn 16453581	issn=16453581
issn 08735980	issn=08735980
issn 08729859	issn=08729859
issn 0873450x	issn=0873450x
issn 08735468	issn=08735468
issn 08748918	issn=08748918
issn 16453298	issn=16453298
issn 08749647	issn=08749647
issn 08742251	issn=08742251
issn 08738319	issn=08738319
issn 08735573	issn=08735573
issn 02593696	issn=02593696
issn 07928262	issn=07928262
issn 0873898 x	issn=0873898 x
issn 008042x	issn=008042x
issn 08733600	issn=08733600
issn 16460898	issn=16460898
issn 0872282x	issn=0872282x
issn 09523987	issn=09523987
issn 08711267	issn=08711267
issn 08716741	issn=08716741
issn 08708231	issn=08708231
issn 08727643	issn=08727643
issn 00317217	issn=00317217
issn 08713928	issn=08713928
issn 09540253	issn=09540253
issn 07385587	issn=07385587
issn 0874  7296	issn=0874  7296
issn 0921593x	issn=0921593x
issn 15259595	issn=15259595
issn 16457587	issn=16457587
issn 16458818	issn=16458818
issn 08745307	issn=08745307
issn 09575146	issn=09575146
issn 16461835	issn=16461835
issn 03963561	issn=03963561
issn 08749779	issn=08749779
issn 16457250	issn=16457250
issn 16463609	issn=16463609
issn 16461541	issn=16461541
issn 0871780x	issn=0871780x
issn 16456734	issn=16456734
issn 16456580	issn=16456580
issn 08736421	issn=08736421
issn 10912622	issn=10912622
issn 16462947	issn=16462947
issn 0305764x	issn=0305764x
issn 08720851	issn=08720851
issn 16463471	issn=16463471
issn 16459377	issn=16459377
issn 1350293x	issn=1350293x
issn 00368733	issn=00368733
issn 08723915	issn=08723915
issn 00368075	issn=00368075
issn 00313831	issn=00313831
issn 16991885	issn=16991885
issn 927849727x	issn=927849727x
issn 02922215	issn=02922215
issn 16452186	issn=16452186
issn 27755508	issn=27755508
issn 08724989	issn=08724989
issn 00077135	issn=00077135
issn 0870418x	issn=0870418x
issn 16454006	issn=16454006
issn 21828474	issn=21828474
issn 08708436	issn=08708436
issn 08726310	issn=08726310
issn 08714657	issn=08714657
issn 08733031	issn=08733031
issn 16461819	issn=16461819
issn 08708932	issn=08708932
issn 16470613	issn=16470613
issn 0034222x	issn=0034222x
issn 08720304	issn=08720304
issn 13186728	issn=13186728
issn 1645 2879	issn=1645 2879
issn 9728420919	issn=9728420919
issn 9728420927	issn=9728420927
issn 9728420935	issn=9728420935
issn 9728420943	issn=9728420943
issn 9789899558168	issn=9789899558168
issn 08745269	issn=08745269
issn 08742820	issn=08742820
issn 16461118	issn=16461118
issn 16455169	issn=16455169
issn 9789720040763	issn=9789720040763
issn 1645765	issn=1645765
issn 9789722353298	issn=9789722353298
issn 08713715	issn=08713715
issn 21844135	issn=21844135
issn 9789726997948	issn=9789726997948
issn 9728418972218	issn=9728418972218
issn 21834350	issn=21834350
issn 16453530	issn=16453530
issn 08718741	issn=08718741
issn 27955796	issn=27955796
issn 0873223x	issn=0873223x
issn 08746885	issn=08746885
issn 08738343	issn=08738343
issn 08737401	issn=08737401
issn 0873707x	issn=0873707x
issn 08738556	issn=08738556
issn 00079421	issn=00079421
issn 08737045	issn=08737045
issn 08720797	issn=08720797
issn 08740224	issn=08740224
issn 08712670	issn=08712670
issn 16469623	issn=16469623
issn 08737193	issn=08737193
issn 08724784	issn=08724784
issn 08717486	issn=08717486
issn 08701520	issn=08701520
issn 08741611	issn=08741611
issn 08714835	issn=08714835
issn 08736650	issn=08736650
issn 08717451	issn=08717451
issn 08724733	issn=08724733
issn 08738068	issn=08738068
issn 972924443	issn=972924443
issn 08702721	issn=08702721
issn 0870931	issn=0870931
issn 08708037	issn=08708037
issn 0870.810x	issn=0870.810x
issn 16459253	issn=16459253
issn 08724067	issn=08724067
issn 08726000	issn=08726000
issn 03781240	issn=03781240
issn 08700168	issn=08700168
issn 03799506	issn=03799506
issn 08700001	issn=08700001
issn 08737568	issn=08737568
issn 08722331	issn=08722331
issn 08735409	issn=08735409
issn 08731152	issn=08731152
issn 9725913108	issn=9725913108
issn 03788932	issn=03788932
issn 0871018x	issn=0871018x
issn 08704449	issn=08704449
issn 0873651	issn=0873651
issn 08734798	issn=08734798
issn 0874050x	issn=0874050x
issn 08746036	issn=08746036
issn 08736308	issn=08736308
issn 08703213	issn=08703213
issn 08738971	issn=08738971
issn 08747040	issn=08747040
issn 08718806	issn=08718806
issn 08703841	issn=08703841
issn 08719705	issn=08719705
issn 08738734	issn=08738734
issn 08724997	issn=08724997
issn 08743886	issn=08743886
issn 08714096	issn=08714096
issn 08746281	issn=08746281
issn 08725020	issn=08725020
issn 00101451	issn=00101451
issn 08726313	issn=08726313
issn 08739501	issn=08739501
issn 08741921	issn=08741921
issn 08742375	issn=08742375
issn 08717788	issn=08717788
issn 08704538	issn=08704538
issn 08700958	issn=08700958
issn 08705291	issn=08705291
issn 08475331	issn=08475331
issn 08742081	issn=08742081
issn 08728747	issn=08728747
issn 0872847x	issn=0872847x
issn 0872489	issn=0872489
issn 11564326	issn=11564326
issn 08705968	issn=08705968
issn 08738300	issn=08738300
issn 16465121	issn=16465121
issn 08749493	issn=08749493
issn 08720738	issn=08720738
issn 08719519	issn=08719519
issn 08739277	issn=08739277
issn 08714800	issn=08714800
issn 03799514	issn=03799514
issn 08704600	issn=08704600
issn 08704104	issn=08704104
issn 9722326201	issn=9722326201
issn 08718563	issn=08718563
issn 02511711	issn=02511711
issn 0872959 x	issn=0872959 x
issn 08742367	issn=08742367
issn 08710430	issn=08710430
issn 08742553	issn=08742553
issn 08736693	issn=08736693
issn 08712352	issn=08712352
issn 9728029160	issn=9728029160
issn 08722323	issn=08722323
issn 08709467	issn=08709467
issn 08722080	issn=08722080
issn 08744068	issn=08744068
issn 08725284	issn=08725284
issn 08719187	issn=08719187
issn 08741093	issn=08741093
issn 08722498	issn=08722498
issn 08734976	issn=08734976
issn 0870080x	issn=0870080x
issn 08706026	issn=08706026
issn 08709963	issn=08709963
issn 0874556018	issn=0874556018
issn 08727023	issn=08727023
issn 08744890	issn=08744890
issn 08746133	issn=08746133
issn 08735964	issn=08735964
issn 08710945	issn=08710945
issn 16450973	issn=16450973
issn 0871066x	issn=0871066x
issn 16452879	issn=16452879
issn 08749302	issn=08749302
issn 16451880	issn=16451880
issn 16453026	issn=16453026
issn 08706913	issn=08706913
issn 08736588	issn=08736588
issn 08718768	issn=08718768
issn 08745188	issn=08745188
issn 16452097	issn=16452097
issn 0872704x	issn=0872704x
issn 08749744	issn=08749744
issn 0304243x	issn=0304243x
issn 08722110	issn=08722110
issn 16450868	issn=16450868
issn 08725624	issn=08725624
issn 08724636	issn=08724636
issn 08726043	issn=08726043
issn 08704252	issn=08704252
issn 08735670	issn=08735670
issn 08702057	issn=08702057
issn 08700273	issn=08700273
issn 08700044	issn=08700044
issn 00667854	issn=00667854
issn 04305027	issn=04305027
issn 08711569	issn=08711569
issn 08704147	issn=08704147
issn 03039773	issn=03039773
issn 08708835	issn=08708835
issn 08726523	issn=08726523
issn 08711623	issn=08711623
issn 08704112	issn=08704112
issn 00849189	issn=00849189
issn 08704139	issn=08704139
issn 08701695	issn=08701695
issn 02530643	issn=02530643
issn 0870869	issn=0870869
issn 08700397	issn=08700397
issn 0875011	issn=0875011
issn 08739668	issn=08739668
issn 03734641	issn=03734641
issn 08702683	issn=08702683
issn 0378875x	issn=0378875x
issn 08736561	issn=08736561
issn 16452585	issn=16452585
issn 0870418	issn=0870418
issn 16452704	issn=16452704
issn 03738531	issn=03738531
issn 08701288	issn=08701288
issn 03772225	issn=03772225
issn 16450639	issn=16450639
issn 08747407	issn=08747407
issn 08719454	issn=08719454
issn 08705887	issn=08705887
issn 14159767	issn=14159767
issn 08709025	issn=08709025
issn 08740488	issn=08740488
issn 08741336	issn=08741336
issn 16456416	issn=16456416
issn 16455460	issn=16455460
issn 1646785x	issn=1646785x
issn 16457358	issn=16457358
issn 08744513	issn=08744513
issn 08725632	issn=08725632
issn 08704198	issn=08704198
issn 08744440	issn=08744440
issn 08746168	issn=08746168
issn 08734755	issn=08734755
issn 08700990	issn=08700990
issn 08739145	issn=08739145
issn 08738475	issn=08738475
issn 08700672	issn=08700672
issn 08731101	issn=08731101
issn 16455983	issn=16455983
issn 08749434	issn=08749434
issn 08713308	issn=08713308
issn 08747881	issn=08747881
issn 16455940	issn=16455940
issn 08701504	issn=08701504
issn 16455053	issn=16455053
issn 16455746	issn=16455746
issn 16458478	issn=16458478
issn 08728941	issn=08728941
issn 16456513	issn=16456513
issn 08749086	issn=08749086
issn 08727104	issn=08727104
issn 08720991	issn=08720991
issn 16453964	issn=16453964
issn 08707634	issn=08707634
issn 16459199	issn=16459199
issn 0872816x	issn=0872816x
issn 08739838	issn=08739838
issn 00249807	issn=00249807
issn 1624625x	issn=1624625x
issn 00294713	issn=00294713
issn 03043118	issn=03043118
issn 01520768	issn=01520768
issn 03355322	issn=03355322
issn 08703051	issn=08703051
issn 08745137	issn=08745137
issn 08746559	issn=08746559
issn 08719993	issn=08719993
issn 01822411	issn=01822411
issn 08726086	issn=08726086
issn 16458338	issn=16458338
issn 16453018	issn=16453018
issn 16458729	issn=16458729
issn 08713502	issn=08713502
issn 16460715	issn=16460715
issn 08737282	issn=08737282
issn 08704813	issn=08704813
issn 16462084	issn=16462084
issn 1646107x	issn=1646107x
issn 08745536	issn=08745536
issn 16459105	issn=16459105
issn 16459849	issn=16459849
issn 16461096	issn=16461096
issn 16461002	issn=16461002
issn 08703124	issn=08703124
issn 1645765x	issn=1645765x
issn 16461479	issn=16461479
issn 08708355	issn=08708355
issn 08724369	issn=08724369
issn 16459156	issn=16459156
issn 08742243	issn=08742243
issn 08742782	issn=08742782
issn 000065935	issn=000065935
issn 07573629	issn=07573629
issn 09870717	issn=09870717
issn 16451783	issn=16451783
issn 0872195	issn=0872195
issn 0878319	issn=0878319
issn 01041541	issn=01041541
issn 01534092	issn=01534092
issn 08718334	issn=08718334
issn 08723257	issn=08723257
issn 16452607	issn=16452607
issn 16452453	issn=16452453
issn 16459415	issn=16459415
issn 08706352	issn=08706352
issn 0870340x	issn=0870340x
issn 16467396	issn=16467396
issn 16453468	issn=16453468
issn 16816374	issn=16816374
issn 08723559	issn=08723559
issn 16461576	issn=16461576
issn 00761508	issn=00761508
issn 16463161	issn=16463161
issn 16618807	issn=16618807
issn 08719497	issn=08719497
issn 16468392	issn=16468392
issn 08736294	issn=08736294
issn 16451112	issn=16451112
issn 16473612	issn=16473612
issn 21826579	issn=21826579
issn 16452089	issn=16452089
issn 9789728896065	issn=9789728896065
issn 16463439	issn=16463439
issn 1646513x	issn=1646513x
issn 16464877	issn=16464877
issn 16479556	issn=16479556
issn 21827532	issn=21827532
issn 0870 047x	issn=0870 047x
issn 08726590	issn=08726590
issn 08718598	issn=08718598
issn 21829624	issn=21829624
issn 21829500	issn=21829500
issn 08710767	issn=08710767
issn 08700974	issn=08700974
issn 9724303047	issn=9724303047
issn 21835985	issn=21835985
issn 21834164	issn=21834164
issn 08743029	issn=08743029
issn 0875019	issn=0875019
issn 21831300	issn=21831300
issn 16458788	issn=16458788
issn 21833915	issn=21833915
issn 08724490	issn=08724490
issn 08741352	issn=08741352
issn 21842108	issn=21842108
issn 21843880	issn=21843880
issn 08708118	issn=08708118
issn 9724104036	issn=9724104036
issn 08738785	issn=08738785
issn 16459652	issn=16459652
issn 08707626	issn=08707626
issn 08714134	issn=08714134
issn 087738343	issn=087738343
issn 16472233	issn=16472233
issn 08707979	issn=08707979
issn 21837449	issn=21837449
issn 21838844	issn=21838844
issn 08711682	issn=08711682
issn 16452929	issn=16452929
issn 21820198	issn=21820198
issn 02540223	issn=02540223
issn 21837023	issn=21837023
issn 2444149x	issn=2444149x
issn 08738807	issn=08738807
issn 21825866	issn=21825866
issn 08704457	issn=08704457
issn 08700028	issn=08700028
issn 08704570	issn=08704570
issn 1645 8253	issn=1645 8253
issn 16456424	issn=16456424
issn 16458750	issn=16458750
issn 15792269	issn=15792269
issn 0873206x	issn=0873206x
issn 10229515	issn=10229515
issn 08725063	issn=08725063
issn 08701954	issn=08701954
issn 08748276	issn=08748276
issn 08706735	issn=08706735
issn 0870905x	issn=0870905x
issn 16452259	issn=16452259
issn 11366907	issn=11366907
issn 16467116	issn=16467116
issn 08722250	issn=08722250
issn 08710856	issn=08710856
issn 16459806	issn=16459806
issn 16456297	issn=16456297
issn 16465660	issn=16465660
issn 21835381	issn=21835381
issn 21844070	issn=21844070
issn 0871228x	issn=0871228x
issn 21833842	issn=21833842
issn 2184612x	issn=2184612x
issn 03353931	issn=03353931
issn 09851852	issn=09851852
issn 08721084	issn=08721084
issn 03042960	issn=03042960
issn 03791238	issn=03791238
issn oferta	issn=oferta
issn 08705259	issn=08705259
issn 08706093	issn=08706093
issn 0870001	issn=0870001
issn 00242195	issn=00242195
issn 13621122	issn=13621122
issn 3908102936	issn=3908102936
issn 0268893x	issn=0268893x
issn 08721645	issn=08721645
issn 02012694	issn=02012694
issn 08707650	issn=08707650
issn 0873304x	issn=0873304x
issn 03400352	issn=03400352
issn 08706263	issn=08706263
issn 0873366x	issn=0873366x
issn 870757x	issn=870757x
issn 11309997	issn=11309997
issn 01022709	issn=01022709
issn 08706336	issn=08706336
issn 08710759	issn=08710759
issn 02557622	issn=02557622
issn 08738181	issn=08738181
issn 08709912	issn=08709912
issn 0870970x	issn=0870970x
issn 00108235	issn=00108235
issn 01040049	issn=01040049
issn 08713332	issn=08713332
issn 01022717	issn=01022717
issn 0107934	issn=0107934
issn 000397695	issn=000397695
issn 0873819x	issn=0873819x
issn 141146134	issn=141146134
issn 08724393	issn=08724393
issn 08716714	issn=08716714
issn 08725004	issn=08725004
issn 118074	issn=118074
issn 0874436x	issn=0874436x
issn 02104210	issn=02104210
issn 08738831	issn=08738831
issn  0873559x	issn=0873559x
issn 10205926	issn=10205926
issn 08740003	issn=08740003
issn 08740453	issn=08740453
issn 08717362	issn=08717362
issn 08738793	issn=08738793
issn 2184609x	issn=2184609x
issn 9789720718051	issn=9789720718051
issn 08716153	issn=08716153
issn 08726620	issn=08726620
issn 16458001	issn=16458001
issn 08743401	issn=08743401
issn 16455452	issn=16455452
issn 16474082	issn=16474082
issn 2194609x	issn=2194609x
issn issn 08739129	issn=issn 08739129
issn issn 0377225x	issn=issn 0377225x
issn   oferta	issn= oferta
issn issn 0870080x	issn=issn 0870080x
issn issn 08726485	issn=issn 08726485
issn issn 0871911x	issn=issn 0871911x
issn issn 08711623	issn=issn 08711623
issn issn 08723672	issn=issn 08723672
issn issn 00032573	issn=issn 00032573
issn issn 08707650	issn=issn 08707650
issn issn 08740682	issn=issn 08740682
issn 17676304	issn=17676304
issn issn 03732681	issn=issn 03732681
issn issn 02588277	issn=issn 02588277
issn 08724911	issn=08724911
issn 080705283	issn=080705283
issn issn 08704554	issn=issn 08704554
issn isbn08704554	issn=isbn08704554
issn issn 08713529  oferta	issn=issn 08713529  oferta
issn issn 08732078	issn=issn 08732078
issn issn 08720851	issn=issn 08720851
issn issn 08745102	issn=issn 08745102
issn 08717222	issn=08717222
issn 02116065	issn=02116065
issn 08716161	issn=08716161
issn 1645927x	issn=1645927x
issn 08750173	issn=08750173
issn 08742839	issn=08742839
issn 08712336	issn=08712336
issn 08730512	issn=08730512
issn 16459296	issn=16459296
issn 16457463	issn=16457463
issn 08730784	issn=08730784
issn 16453662	issn=16453662
issn 08706859	issn=08706859
issn 08701547	issn=08701547
issn 0870094x	issn=0870094x
issn 2915262381	issn=2915262381
issn 08712344	issn=08712344
issn 08716412	issn=08716412
issn 08079912	issn=08079912
issn 08738262	issn=08738262
issn 08705704	issn=08705704
issn 16457951	issn=16457951
issn 16468252	issn=16468252
issn 08738432	issn=08738432
issn 08742391	issn=08742391
issn 16456106	issn=16456106
issn 0874274x	issn=0874274x
issn 08718717	issn=08718717
issn 9789899560437	issn=9789899560437
issn 08743851	issn=08743851
issn 08705283	issn=08705283
issn 9789892328744	issn=9789892328744
issn 9789899725676	issn=9789899725676
issn 9789896332112	issn=9789896332112
issn 08714266	issn=08714266
issn 08716838	issn=08716838
issn 02591200	issn=02591200
issn 080703434	issn=080703434
issn 00378690	issn=00378690
issn 03788032	issn=03788032
issn 08702616	issn=08702616
issn 08718040	issn=08718040
issn 0871875x	issn=0871875x
issn 08725977	issn=08725977
issn 08729808	issn=08729808
issn 0872931x	issn=0872931x
issn 08716587	issn=08716587
issn 0873092x	issn=0873092x
issn 08727589	issn=08727589
issn 08733074	issn=08733074
issn 08704392	issn=08704392
issn 08721521	issn=08721521
issn 08702608	issn=08702608
issn 08736936	issn=08736936
issn 08731993	issn=08731993
issn 08704546	issn=08704546
issn 08700206	issn=08700206
issn 0870810x	issn=0870810x
issn 08723044	issn=08723044
issn 08731551	issn=08731551
issn 08723052	issn=08723052
issn 08708320	issn=08708320
issn 08739544	issn=08739544
issn 08728917	issn=08728917
issn 08729190	issn=08729190
issn 08742448	issn=08742448
issn 08742359	issn=08742359
issn 0874243x	issn=0874243x
issn 0871788	issn=0871788
issn 08739560	issn=08739560
issn 16455630	issn=16455630
issn 08736227	issn=08736227
issn 16458257	issn=16458257
issn 0874307x	issn=0874307x
issn 16465644	issn=16465644
issn 16456114	issn=16456114
issn 0871911x	issn=0871911x
issn 08734275	issn=08734275
issn 03772292	issn=03772292
issn 00794139	issn=00794139
issn 03772268	issn=03772268
issn 03772306	issn=03772306
issn 0377225x	issn=0377225x
issn 08704406	issn=08704406
issn 08741476	issn=08741476
issn 08725276	issn=08725276
issn 0872766x	issn=0872766x
issn 08727562	issn=08727562
issn 08719969	issn=08719969
issn 08725969	issn=08725969
issn 03772241	issn=03772241
issn 03772322	issn=03772322
issn 00794120	issn=00794120
issn 08702659	issn=08702659
issn 08719543	issn=08719543
issn 08727597	issn=08727597
issn 16455657	issn=16455657
issn 08744149	issn=08744149
issn 08749795	issn=08749795
issn 08711038	issn=08711038
issn 08729301	issn=08729301
issn 08740755	issn=08740755
issn 16455401	issn=16455401
issn 00794147	issn=00794147
issn 00272930	issn=00272930
issn 08701431	issn=08701431
issn 08729298	issn=08729298
issn 15767167	issn=15767167
issn 08727649	issn=08727649
issn 08719977	issn=08719977
issn 08725055	issn=08725055
issn 08730008	issn=08730008
issn 16457080	issn=16457080
issn 08733953	issn=08733953
issn 16458184	issn=16458184
issn 16458192	issn=16458192
issn 08729522	issn=08729522
issn 08727570	issn=08727570
issn 08718709	issn=08718709
issn 08746265	issn=08746265
issn 1645586x	issn=1645586x
issn 21824401	issn=21824401
issn 16472039	issn=16472039
issn 16458079	issn=16458079
issn 18071562	issn=18071562
issn 16465229	issn=16465229
issn 16795229	issn=16795229
issn 21825378	issn=21825378
issn 16254732	issn=16254732
issn 16466535	issn=16466535
issn 16454928	issn=16454928
issn 15762645	issn=15762645
issn 16454863	issn=16454863
issn 08742642	issn=08742642
issn 16452232	issn=16452232
issn 16454812	issn=16454812
issn 16468155	issn=16468155
issn 11270268	issn=11270268
issn 08742952	issn=08742952
issn 08727945	issn=08727945
issn 16450604	issn=16450604
issn 21824479	issn=21824479
issn 21821224	issn=21821224
issn 08743878	issn=08743878
issn 08700249	issn=08700249
issn 08714185	issn=08714185
issn 08711798	issn=08711798
issn 08736626	issn=08736626
issn d87733600	issn=d87733600
issn 11337192	issn=11337192
issn 11366494	issn=11366494
issn 00472863	issn=00472863
issn 11397055	issn=11397055
issn 14136325	issn=14136325
issn 08738629	issn=08738629
issn 15189627	issn=15189627
issn 02119072	issn=02119072
issn 15187500	issn=15187500
issn 15195783	issn=15195783
issn 2183640x	issn=2183640x
issn 02513595	issn=02513595
issn 16459237	issn=16459237
issn 08713235	issn=08713235
issn 08700230	issn=08700230
issn 08735484	issn=08735484
issn 08714290	issn=08714290
issn 08716633	issn=08716633
issn 0871052x	issn=0871052x
issn 16459784	issn=16459784
issn 16454480	issn=16454480
issn 08708339	issn=08708339
issn 08704589	issn=08704589
issn 16454553	issn=16454553
issn 16472241	issn=16472241
issn 21821194	issn=21821194
issn 16459717	issn=16459717
issn 2183931x	issn=2183931x
issn 08714282	issn=08714282
issn 08729875	issn=08729875
issn 1646267x	issn=1646267x
issn 00413070	issn=00413070
issn 08729328	issn=08729328
issn 16453352	issn=16453352
issn 1645667x	issn=1645667x
issn 123456	issn=123456
issn 08713448	issn=08713448
issn 2182875x	issn=2182875x
issn 08714428	issn=08714428
issn 14147513	issn=14147513
issn 087125	issn=087125
issn 16468562	issn=16468562
issn 16793749	issn=16793749
issn 08741913	issn=08741913
issn 01033239	issn=01033239
issn 1521804x	issn=1521804x
issn 08706077	issn=08706077
issn 01634275	issn=01634275
issn 08717494	issn=08717494
issn 08710872	issn=08710872
issn 21826781	issn=21826781
issn 34662012	issn=34662012
issn 08707081	issn=08707081
issn 16469909	issn=16469909
issn 16476042	issn=16476042
issn 08707375	issn=08707375
issn 21839697	issn=21839697
issn 08701180	issn=08701180
issn 108482	issn=108482
issn 21820376	issn=21820376
issn 08730628	issn=08730628
issn 26968436	issn=26968436
issn 1646270x	issn=1646270x
issn 16453972	issn=16453972
issn 9789896261825	issn=9789896261825
issn 16478878	issn=16478878
issn 08731861	issn=08731861
issn 641784	issn=641784
issn 08748810	issn=08748810
issn 08717328	issn=08717328
issn 16472314	issn=16472314
issn 08719896	issn=08719896
issn 08741180	issn=08741180
issn 00323179	issn=00323179
issn 1646852x	issn=1646852x
issn 21824193	issn=21824193
issn 16462637	issn=16462637
issn 9789895547630	issn=9789895547630
issn 08717702	issn=08717702
issn 0873898x	issn=0873898x
issn 10212418	issn=10212418
issn 9789720041661	issn=9789720041661
issn 00159395	issn=00159395
issn 01637053	issn=01637053
issn 02513722	issn=02513722
issn 0800184	issn=0800184
issn 08720215	issn=08720215
issn 08721998	issn=08721998
issn 08733015	issn=08733015
issn 08737053	issn=08737053
issn 08744343	issn=08744343
issn 08744882	issn=08744882
issn 08747997	issn=08747997
issn 08748721	issn=08748721
issn 16454502	issn=16454502
issn 16456076	issn=16456076
issn 01042734	issn=01042734
issn 087346823	issn=087346823
issn 08740364	issn=08740364
issn 16459571	issn=16459571
issn 08725152	issn=08725152
issn 08705445	issn=08705445
issn 08728283	issn=08728283
issn 08724865	issn=08724865
issn 08701091	issn=08701091
issn 02579553	issn=02579553
issn 16462750	issn=16462750
issn 21820457	issn=21820457
issn 0874937x	issn=0874937x
issn 08711763	issn=08711763
issn 0870001x	issn=0870001x
issn 08728178	issn=08728178
issn 08721556	issn=08721556
issn 08734682	issn=08734682
issn 00325082	issn=00325082
issn 08731527	issn=08731527
issn 16988825	issn=16988825
issn 0304243 x	issn=0304243 x
issn 16452615	issn=16452615
issn 16457099	issn=16457099
issn 0872 282x	issn=0872 282x
issn 08742049	issn=08742049
issn 08728623	issn=08728623
issn 16451198	issn=16451198
issn 16466381	issn=16466381
issn 1645720x	issn=1645720x
issn 16454375	issn=16454375
issn 0874050 x	issn=0874050 x
issn 16457846	issn=16457846
issn 08717834	issn=08717834
issn 01042882	issn=01042882
issn 01042874	issn=01042874
issn 08746877	issn=08746877
issn em tramite	issn=em tramite
issn 9727930557	issn=9727930557
issn 20130244	issn=20130244
issn 16061691	issn=16061691
issn 16459067	issn=16459067
issn 08732167	issn=08732167
issn 0874145x	issn=0874145x
issn 16457781	issn=16457781
issn 16466349	issn=16466349
issn 00279358	issn=00279358
issn 16470109	issn=16470109
issn 16457064	issn=16457064
issn 16452798	issn=16452798
issn 16462866	issn=16462866
issn 16476603	issn=16476603
issn 08745935	issn=08745935
issn 00065935	issn=00065935
issn 16459261	issn=16459261
issn 08735271	issn=08735271
issn 16096185	issn=16096185
issn 08735379	issn=08735379
issn 16476786	issn=16476786
issn 08732078	issn=08732078
issn 16470427	issn=16470427
issn 0873383x	issn=0873383x
issn 08729093	issn=08729093
issn 08723478	issn=08723478
issn 08727155	issn=08727155
issn 16477057	issn=16477057
issn 0870967x	issn=0870967x
issn 21825564	issn=21825564
issn 16469542	issn=16469542
issn 16454561	issn=16454561
issn 16965957	issn=16965957
issn 1977995x	issn=1977995x
issn 08717311	issn=08717311
issn 16479874	issn=16479874
issn 08728879	issn=08728879
issn 08729395	issn=08729395
issn 08741190	issn=08741190
issn 08723184	issn=08723184
issn 1645426x	issn=1645426x
issn 08738769	issn=08738769
issn 16451988	issn=16451988
issn 0872153x	issn=0872153x
issn 16462556	issn=16462556
issn 08744114	issn=08744114
issn 08744106	issn=08744106
issn 16061683	issn=16061683
issn 21837309	issn=21837309
issn 21828490	issn=21828490
issn 08700214	issn=08700214
issn 21839913	issn=21839913
issn 02745240	issn=02745240
issn 10451366	issn=10451366
issn 27955605	issn=27955605
issn 16456130	issn=16456130
issn 08745412	issn=08745412
issn 08737444	issn=08737444
issn 16450035	issn=16450035
issn 1646205x	issn=1646205x
issn 00415278	issn=00415278
issn 10020950	issn=10020950
issn 08712441	issn=08712441
issn 08728402	issn=08728402
issn 08744254	issn=08744254
issn 02469251	issn=02469251
issn 0870337x	issn=0870337x
issn 9789727727896	issn=9789727727896
issn 0265718x	issn=0265718x
issn 16469798	issn=16469798
issn 9789724241159	issn=9789724241159
issn 21836612	issn=21836612
issn 9789728896102	issn=9789728896102
issn 9789728896119	issn=9789728896119
issn 16475291	issn=16475291
issn 08713324	issn=08713324
issn 9789895544165	issn=9789895544165
issn 9789722034388	issn=9789722034388
issn 29758653	issn=29758653
issn 9724307298	issn=9724307298
issn 9722622862	issn=9722622862
issn 9789899811522	issn=9789899811522
issn 9789899627772	issn=9789899627772
issn 9789720727824	issn=9789720727824
issn 9728193025	issn=9728193025
issn 8440117175	issn=8440117175
issn 0874776	issn=0874776
issn 1647290x	issn=1647290x
issn 07718160	issn=07718160
issn 07585152	issn=07585152
issn 9789898228369	issn=9789898228369
issn 15859600	issn=15859600
issn 08706832	issn=08706832
issn 20639004	issn=20639004
issn 04407273	issn=04407273
issn 0871164x	issn=0871164x
issn 16454936	issn=16454936
issn 08723419	issn=08723419
issn 16466195	issn=16466195
issn 16456971	issn=16456971
issn 08733899	issn=08733899
issn 972935023x	issn=972935023x
issn 16466713	issn=16466713
issn 0960779x	issn=0960779x
issn 9722623346	issn=9722623346
issn 9722115782	issn=9722115782
issn 972669406x	issn=972669406x
issn 20957769	issn=20957769
issn 21841233	issn=21841233
issn 2181497	issn=2181497
issn 0873186122	issn=0873186122
issn 11321202	issn=11321202
issn 0873186116	issn=0873186116
issn 9726671159	issn=9726671159
issn 16452178	issn=16452178
issn 05284929	issn=05284929
issn 08723249	issn=08723249
issn 08703418	issn=08703418
issn 16473191	issn=16473191
issn 21826943	issn=21826943
issn 21821526	issn=21821526
issn 08739196	issn=08739196
issn 16456394	issn=16456394
issn 16460626	issn=16460626
issn 13585339	issn=13585339
issn 03989682	issn=03989682
issn 16479440	issn=16479440
issn 08739110	issn=08739110
issn 08713200	issn=08713200
issn 08724830	issn=08724830
issn 03045196	issn=03045196
issn 08721211	issn=08721211
issn 16453670	issn=16453670
issn 16451082	issn=16451082
issn 08713065	issn=08713065
issn 08716102	issn=08716102
issn 16469844	issn=16469844
issn 16470923	issn=16470923
issn 21824207	issn=21824207
issn 16461762	issn=16461762
issn 16462858	issn=16462858
issn 16451996	issn=16451996
issn 08703450	issn=08703450
issn 1646169x	issn=1646169x
issn 08732035	issn=08732035
issn 0873948x	issn=0873948x
issn 08710864	issn=08710864
issn 15750639	issn=15750639
issn 08739552	issn=08739552
issn 08700761	issn=08700761
issn 08739439	issn=08739439
issn 08748012	issn=08748012
issn 21834695	issn=21834695
issn 08730601	issn=08730601
issn 08721653	issn=08721653
issn 16450906	issn=16450906
issn 08745498	issn=08745498
issn 16453891	issn=16453891
issn 16462831	issn=16462831
issn 08704481	issn=08704481
issn 21822697	issn=21822697
issn 02530635	issn=02530635
issn 03794954	issn=03794954
issn 08705461	issn=08705461
issn 08700265	issn=08700265
issn 08710937	issn=08710937
issn 08706344	issn=08706344
issn 08719160	issn=08719160
issn 1647211x	issn=1647211x
issn 08711992	issn=08711992
issn 08725225	issn=08725225
issn 08708584	issn=08708584
issn 08712743	issn=08712743
issn 08701601	issn=08701601
issn 08739048	issn=08739048
issn 00182141	issn=00182141
issn 03952649	issn=03952649
issn 00665061	issn=00665061
issn 00169943	issn=00169943
issn 08700133	issn=08700133
issn 00034398	issn=00034398
issn 01022555	issn=01022555
issn 9726112141	issn=9726112141
issn 9726113717	issn=9726113717
issn 9789728966157	issn=9789728966157
issn 08723168	issn=08723168
issn 08732345	issn=08732345
issn 16456947	issn=16456947
issn 08702306	issn=08702306
issn 08700443	issn=08700443
issn 08706581	issn=08706581
issn 08704619	issn=08704619
issn 0873108x	issn=0873108x
issn 00065897	issn=00065897
issn 08712808	issn=08712808
issn 08706425	issn=08706425
issn 08720983	issn=08720983
issn 08739870	issn=08739870
issn 16465008	issn=16465008
issn 08709874	issn=08709874
issn 08719527	issn=08719527
issn 08728763	issn=08728763
issn 08711097	issn=08711097
issn 08705712	issn=08705712
issn 16467531	issn=16467531
issn 08723664	issn=08723664
issn 16459687	issn=16459687
issn 08736197	issn=08736197
issn 08749701	issn=08749701
issn 16457471	issn=16457471
issn 03700607	issn=03700607
issn 08710422	issn=08710422
issn 08721017	issn=08721017
issn 08749825	issn=08749825
issn 00193623	issn=00193623
issn 08710880	issn=08710880
issn 08742677	issn=08742677
issn 16459342	issn=16459342
issn 16457021	issn=16457021
issn 16464202	issn=16464202
issn 0873609x	issn=0873609x
issn 16453522	issn=16453522
issn 00310875	issn=00310875
issn 08713421	issn=08713421
issn 16453301	issn=16453301
issn 16458052	issn=16458052
issn 08714061	issn=08714061
issn 08735883	issn=08735883
issn 08710260	issn=08710260
issn 16460952	issn=16460952
issn 16471229	issn=16471229
issn 16460146	issn=16460146
issn 08725039	issn=08725039
issn 02126117	issn=02126117
issn 02120909	issn=02120909
issn 03044300	issn=03044300
issn 11301929	issn=11301929
issn 00666742	issn=00666742
issn 11308141	issn=11308141
issn 02138921	issn=02138921
issn 0212548x	issn=0212548x
issn 02102803	issn=02102803
issn 02108445	issn=02108445
issn 18863396	issn=18863396
issn 11307714	issn=11307714
issn 02109573	issn=02109573
issn 1888976x	issn=1888976x
issn 04253507	issn=04253507
issn 02130181	issn=02130181
issn 11326875	issn=11326875
issn 02111187	issn=02111187
issn 15769305	issn=15769305
issn 02102943	issn=02102943
issn 21749949	issn=21749949
issn 00296015	issn=00296015
issn 00328472	issn=00328472
issn 02146274	issn=02146274
issn 05418607	issn=05418607
issn 02103729	issn=02103729
issn 02132818	issn=02132818
issn 02125420	issn=02125420
issn 00825638	issn=00825638
issn 02132095	issn=02132095
issn 02147092	issn=02147092
issn 05147336	issn=05147336
issn 02101106	issn=02101106
issn 21822565	issn=21822565
issn 0035077x	issn=0035077x
issn 01024272	issn=01024272
issn 00117455	issn=00117455
issn 0103328x	issn=0103328x
issn 0104351x	issn=0104351x
issn 00348309	issn=00348309
issn 01207296	issn=01207296
issn 04866525	issn=04866525
issn 99722771	issn=99722771
issn 00489115	issn=00489115
issn 04027817	issn=04027817
issn 0178045x	issn=0178045x
issn 00168874	issn=00168874
issn 05901960	issn=05901960
issn 03565629	issn=03565629
issn 00019569	issn=00019569
issn 12419702	issn=12419702
issn 02446111	issn=02446111
issn 07515561	issn=07515561
issn 002486490	issn=002486490
issn 00350737	issn=00350737
issn 00217239	issn=00217239
issn 0231133x	issn=0231133x
issn 01332023	issn=01332023
issn 03344916	issn=03344916
issn 00041343	issn=00041343
issn 15935213	issn=15935213
issn 00050935	issn=00050935
issn 11219084	issn=11219084
issn 05772168	issn=05772168
issn 03920895	issn=03920895
issn 03925285	issn=03925285
issn 00356603	issn=00356603
issn 0040375x	issn=0040375x
issn 00038075	issn=00038075
issn 16461401	issn=16461401
issn 01675443	issn=01675443
issn 00293652	issn=00293652
issn 05591201	issn=05591201
issn 00157813	issn=00157813
issn 03500322	issn=03500322
issn issn 0034771x	issn=issn 0034771x
issn 12562815	issn=12562815
issn 00040673	issn=00040673
issn 08701466	issn=08701466
issn 02140829	issn=02140829
issn 1646396x	issn=1646396x
issn 22592679	issn=22592679
issn 02101475	issn=02101475
issn 02103230	issn=02103230
issn 15667553	issn=15667553
issn 09315667	issn=09315667
issn 2182522x	issn=2182522x
issn 16450553	issn=16450553
issn 16478576	issn=16478576
issn 08710090	issn=08710090
issn 17607361	issn=17607361
issn 03043002	issn=03043002
issn 10145494	issn=10145494
issn 10146989	issn=10146989
issn 00188999	issn=00188999
issn 07597355	issn=07597355
issn 02214792	issn=02214792
issn 0034723x	issn=0034723x
issn 08726817	issn=08726817
issn 03929425	issn=03929425
issn 00251496	issn=00251496
issn 16976762	issn=16976762
issn 08716641	issn=08716641
issn 02529076	issn=02529076
issn 08704473	issn=08704473
issn 0304310x	issn=0304310x
issn 08927537	issn=08927537
issn 00061646	issn=00061646
issn 01044451	issn=01044451
issn 11211628	issn=11211628
issn 00797022	issn=00797022
issn 9729451397	issn=9729451397
issn 16479637	issn=16479637
issn 00800953	issn=00800953
issn 0211318x	issn=0211318x
issn 21830991	issn=21830991
issn 08728429	issn=08728429
issn 9789729073199	issn=9789729073199
issn 1645653x	issn=1645653x
issn 0872225014	issn=0872225014
issn 00776599	issn=00776599
issn 21828571	issn=21828571
issn 02104741	issn=02104741
issn 00368369	issn=00368369
issn 21837910	issn=21837910
issn 08712735	issn=08712735
issn 1592017	issn=1592017
issn 11272171	issn=11272171
issn 26125552	issn=26125552
issn 21846979	issn=21846979
issn 1592 1425	issn=1592 1425
issn 2183069x	issn=2183069x
issn 08729263	issn=08729263
issn 19939493	issn=19939493
issn 15208745	issn=15208745
issn 02699370	issn=02699370
issn 16460359	issn=16460359
issn 19938616	issn=19938616
issn 22202269	issn=22202269
issn 18121322	issn=18121322
issn 18121284	issn=18121284
issn 16462629	issn=16462629
issn 08728267	issn=08728267
issn 08722137	issn=08722137
issn 08703116	issn=08703116
issn 16459660	issn=16459660
issn 08915849	issn=08915849
issn 08957061	issn=08957061
issn 0194911x	issn=0194911x
issn 15246175	issn=15246175
issn 00121797	issn=00121797
issn 01495992	issn=01495992
issn 08720711	issn=08720711
issn 0870158x	issn=0870158x
issn 08730458	issn=08730458
issn 00379026	issn=00379026
issn 03922936	issn=03922936
issn 00219258	issn=00219258
issn 1742464x online17424658	issn=1742464x online17424658
issn 00205818	issn=00205818
issn 03457532	issn=03457532
issn 0032697	issn=0032697
issn online 00032697	issn=online 00032697
issn 08084018	issn=08084018
issn 03044769print and linking	issn=03044769print and linking
issn 00084018	issn=00084018
issn 120594	issn=120594
issn 00222828	issn=00222828
issn 16455797	issn=16455797
issn 0365947x	issn=0365947x
issn 00075140	issn=00075140
issn 10715762	issn=10715762
issn 00225045	issn=00225045
issn 00294810	issn=00294810
issn 03708721	issn=03708721
issn 00202452	issn=00202452
issn 00350419	issn=00350419
issn 00740276	issn=00740276
issn 164658230	issn=164658230
issn 00280836	issn=00280836
issn 21826935	issn=21826935
issn 08700060	issn=08700060
issn 0870595x	issn=0870595x
issn 08723672	issn=08723672
issn 0871 2212	issn=0871 2212
issn 08713731	issn=08713731
issn 09720991	issn=09720991
issn 08738165	issn=08738165
issn 087527643	issn=087527643
issn 08722455	issn=08722455
issn 46753581	issn=46753581
issn 1645779x	issn=1645779x
issn 16453905	issn=16453905
issn 02147807	issn=02147807
issn 08711593	issn=08711593
issn 08728909	issn=08728909
issn 16472802	issn=16472802
issn 1647421x	issn=1647421x
issn 08740623	issn=08740623
issn 01044168	issn=01044168
issn 1646334x	issn=1646334x
issn 16470494	issn=16470494
issn 9727801757	issn=9727801757
issn 16469089	issn=16469089
issn 08723230	issn=08723230
issn 0876966	issn=0876966
issn 08743614	issn=08743614
issn 16455142	issn=16455142
issn 2453614	issn=2453614
issn 01048791	issn=01048791
issn 02122044	issn=02122044
issn 01042254	issn=01042254
issn 11201819	issn=11201819
issn 16468759	issn=16468759
issn 16466705	issn=16466705
issn 16451902	issn=16451902
issn 22612068	issn=22612068
issn 07572271	issn=07572271
issn 0873180x	issn=0873180x
issn 21843953	issn=21843953
issn 9728209439	issn=9728209439
issn 10698825	issn=10698825
issn 08748438	issn=08748438
issn 0872 5225	issn=0872 5225
issn 24467106	issn=24467106
issn 09204539	issn=09204539
issn 10204202	issn=10204202
issn 16.93987	issn=16.93987
issn 08472901	issn=08472901
issn 11613122	issn=11613122
issn 16458982	issn=16458982
issn 04860993	issn=04860993
issn 02127563	issn=02127563
issn 1871417x	issn=1871417x
issn 1104845x	issn=1104845x
issn 16460014	issn=16460014
issn 1646095202	issn=1646095202
issn 16463412	issn=16463412
issn 09907823	issn=09907823
issn 08741816	issn=08741816
issn 04537580	issn=04537580
issn 11344571	issn=11344571
issn 08713057	issn=08713057
issn 614884	issn=614884
issn 0264083x	issn=0264083x
issn 11692537	issn=11692537
issn 02131978	issn=02131978
issn 00273996	issn=00273996
issn 13500775	issn=13500775
issn 00206418	issn=00206418
issn 02610329	issn=02610329
issn 10205543	issn=10205543
issn 01407198	issn=01407198
issn 2015	issn=2015
issn 08728828	issn=08728828
issn 08737630	issn=08737630
issn 16458206	issn=16458206
issn 08723893	issn=08723893
issn 08742405	issn=08742405
issn 9724205444	issn=9724205444
issn 9789729986062	issn=9789729986062
issn 9782634885	issn=9782634885
issn 9788501081940	issn=9788501081940
issn 9726860415	issn=9726860415
issn 9781848270695	issn=9781848270695
issn 9788501085504	issn=9788501085504
issn 0340835524	issn=0340835524
issn 9780755309511	issn=9780755309511
issn 9781409118305	issn=9781409118305
issn 9780778303695	issn=9780778303695
issn 9780753823743	issn=9780753823743
issn 9780340977088	issn=9780340977088
issn 9789892701455	issn=9789892701455
issn 26720807	issn=26720807
issn 8501059056	issn=8501059056
issn 9781715816599	issn=9781715816599
issn 9786586125917	issn=9786586125917
issn 0874779499	issn=0874779499
issn 9789898228352	issn=9789898228352
issn 9789896613846	issn=9789896613846
issn 9789722075435	issn=9789722075435
issn 9789896350116	issn=9789896350116
issn 9789896350086	issn=9789896350086
issn 9789892342634	issn=9789892342634
issn 9789722131735	issn=9789722131735
issn 9781444956160	issn=9781444956160
issn 9781444944365	issn=9781444944365
issn 9789895011704	issn=9789895011704
issn 9789895008469	issn=9789895008469
issn 9789728605964	issn=9789728605964
issn 9789897796210	issn=9789897796210
issn 9788535911893	issn=9788535911893
issn 9789898032621	issn=9789898032621
issn 9789895508518	issn=9789895508518
issn 9789896337919	issn=9789896337919
issn 9788491396796	issn=9788491396796
issn 9789892354309	issn=9789892354309
issn 9788491397885	issn=9788491397885
issn 9789898999641	issn=9789898999641
issn 9789898849205	issn=9789898849205
issn 9789896237851	issn=9789896237851
issn 9789899118683	issn=9789899118683
issn 9789899118829	issn=9789899118829
issn 9788432087	issn=9788432087
issn 8520917674	issn=8520917674
issn 8575361260	issn=8575361260
issn 9788536640112	issn=9788536640112
issn 9788582355756	issn=9788582355756
issn 9789893506769	issn=9789893506769
issn 9789722370691	issn=9789722370691
issn 9786525034768	issn=9786525034768
issn 8573242825	issn=8573242825
issn 9788542000542	issn=9788542000542
issn 9789898601582	issn=9789898601582
issn 9789720036926	issn=9789720036926
issn 9789895695362	issn=9789895695362
issn 9789895378036	issn=9789895378036
issn 9788576572787	issn=9788576572787
issn 9789896238490	issn=9789896238490
issn 9788491394099	issn=9788491394099
issn 9789897029608	issn=9789897029608
issn 9781445414393	issn=9781445414393
issn 9781445414409	issn=9781445414409
issn 9789727567029	issn=9789727567029
issn 978972264903	issn=978972264903
issn 9789896618735	issn=9789896618735
issn 9789896617882	issn=9789896617882
issn 9789896617639	issn=9789896617639
issn 9789892352282	issn=9789892352282
issn 9789722371247	issn=9789722371247
issn 9789897105913	issn=9789897105913
issn 9788417222826	issn=9788417222826
issn 9789892355610	issn=9789892355610
issn 9789896618278	issn=9789896618278
issn 9789896617653	issn=9789896617653
issn 9789899970557	issn=9789899970557
issn 9789892357645	issn=9789892357645
issn 9789892359274	issn=9789892359274
issn 9789722076104	issn=9789722076104
issn 9789722076975	issn=9789722076975
issn 9789892359250	issn=9789892359250
issn 9789892357638	issn=9789892357638
issn 9789899990518	issn=9789899990518
issn 9786588744161	issn=9786588744161
issn 9789899656505	issn=9789899656505
issn 9789896617776	issn=9789896617776
issn 9789892359038	issn=9789892359038
issn 9789722077408	issn=9789722077408
issn 9789896618391	issn=9789896618391
issn 9789895188642	issn=9789895188642
issn 9789722132244	issn=9789722132244
issn 9789722531559	issn=9789722531559
issn 9789892359304	issn=9789892359304
issn 9789726593867	issn=9789726593867
issn 9789722073875	issn=9789722073875
issn 9789896330354	issn=9789896330354
issn 9789896618582	issn=9789896618582
issn 9789896618292	issn=9789896618292
issn 9789896617738	issn=9789896617738
issn 9789892358994	issn=9789892358994
issn 9789896617912	issn=9789896617912
issn 9789726508823	issn=9789726508823
issn 8506032075	issn=8506032075
issn 9789722077507	issn=9789722077507
issn 9791220116770	issn=9791220116770
issn 9789722079525	issn=9789722079525
issn 9789727567053	issn=9789727567053
issn 9782215105190	issn=9782215105190
issn 9782215105183	issn=9782215105183
issn 9782215087724	issn=9782215087724
issn 9789896224783	issn=9789896224783
issn 9788468429328	issn=9788468429328
issn 97868455082	issn=97868455082
issn 9788447385232	issn=9788447385232
issn 9789897154959	issn=9789897154959
issn 9789896339449	issn=9789896339449
issn 9781503769731	issn=9781503769731
issn 9788586474859	issn=9788586474859
issn 9786559223503	issn=9786559223503
issn 9789896613556	issn=9789896613556
issn 9789892301877	issn=9789892301877
issn 9789724751030	issn=9789724751030
issn 9789897721083	issn=9789897721083
issn 9781503759077	issn=9781503759077
issn 9789727308521	issn=9789727308521
issn 9783896001627	issn=9783896001627
issn 9788447397761	issn=9788447397761
issn 9789185727513	issn=9789185727513
issn 978150375647	issn=978150375647
issn 16463110	issn=16463110
issn 00802654	issn=00802654
issn 9729190461	issn=9729190461
issn 00350400	issn=00350400
issn 08713499	issn=08713499
issn 9962981x	issn=9962981x
issn 2340681x	issn=2340681x
issn 01014366	issn=01014366
issn 08735921	issn=08735921
issn 04280822	issn=04280822
issn 00245097	issn=00245097
issn 08715807	issn=08715807
issn 08722366	issn=08722366
issn 15781305	issn=15781305
issn 11327340	issn=11327340
issn 08744866	issn=08744866
issn 08744246	issn=08744246
issn 9789896875220	issn=9789896875220
issn 9788491396789	issn=9788491396789
issn 9789897106638	issn=9789897106638
issn 08712727	issn=08712727
issn 16463196	issn=16463196
issn 16467787	issn=16467787
issn 21821143	issn=21821143
issn 16468775	issn=16468775
issn issn 0005237x	issn=issn 0005237x
issn 08748004	issn=08748004
issn 16463544	issn=16463544
issn 16460189	issn=16460189
issn 02118173	issn=02118173
issn 1647239x	issn=1647239x
issn 08722854	issn=08722854
issn 08711364	issn=08711364
issn 16458524	issn=16458524
issn 08738718	issn=08738718
issn 16459318	issn=16459318
issn 16816373	issn=16816373
issn 00431087	issn=00431087
issn 0005237x	issn=0005237x
issn 16479238	issn=16479238
issn 21841292	issn=21841292
issn 9789720729705	issn=9789720729705
issn 9789720726056	issn=9789720726056
issn 978972072577	issn=978972072577
issn 9789720725790	issn=9789720725790
issn 9789720725806	issn=9789720725806
issn 9789720725783	issn=9789720725783
issn 9789727308279	issn=9789727308279
issn 9789727308880	issn=9789727308880
issn 9789727308378	issn=9789727308378
issn 9789727308798	issn=9789727308798
issn 9789727308767	issn=9789727308767
issn 9789727309504	issn=9789727309504
issn 9789727309481	issn=9789727309481
issn 9789727309498	issn=9789727309498
issn 9789727309474	issn=9789727309474
issn 9789893549155	issn=9789893549155
issn 9896091668	issn=9896091668
issn 989609179x	issn=989609179x
issn 9726696422	issn=9726696422
issn 9896091692	issn=9896091692
issn 9896091684	issn=9896091684
issn 9727477747	issn=9727477747
issn 1853262501	issn=1853262501
issn 9780316032148	issn=9780316032148
issn 1566190274	issn=1566190274
issn 08719365	issn=08719365
issn 08738114	issn=08738114
issn 08704929	issn=08704929
issn 08736987	issn=08736987
issn 16450310	issn=16450310
issn 08706794	issn=08706794
issn 16453514	issn=16453514
issn 08722714	issn=08722714
issn 08728712	issn=08728712
issn 08726183	issn=08726183
issn 08703981	issn=08703981
issn 08718954	issn=08718954
issn 16452275	issn=16452275
issn 08728984	issn=08728984
issn 16464281	issn=16464281
issn 0874 7148	issn=0874 7148
issn 08738033	issn=08738033
issn 08704422	issn=08704422
issn 08736111	issn=08736111
issn 08729794	issn=08729794
issn 08729751	issn=08729751
issn 16454154	issn=16454154
issn 08711429	issn=08711429
issn 08737371	issn=08737371
issn 08717249	issn=08717249
issn 11361018	issn=11361018
issn 08233330	issn=08233330
issn 16457102	issn=16457102
issn 16457757	issn=16457757
issn 16457129	issn=16457129
issn 16457110	issn=16457110
issn 16461185	issn=16461185
issn 08740089	issn=08740089
issn 08726787	issn=08726787
issn 08731632	issn=08731632
issn 08708983	issn=08708983
issn 08734097	issn=08734097
issn 00700673	issn=00700673
issn 12112208	issn=12112208
issn 08722900	issn=08722900
issn 08735115	issn=08735115
issn 08724792	issn=08724792
issn 16034120	issn=16034120
issn 08735298	issn=08735298
issn 08717354	issn=08717354
issn 16453050	issn=16453050
issn 08729611	issn=08729611
issn 08729514	issn=08729514
issn 12408093	issn=12408093
issn 11308478	issn=11308478
issn 16455428	issn=16455428
issn 08741646	issn=08741646
issn 1645541x	issn=1645541x
issn 08732000	issn=08732000
issn 08725365	issn=08725365
issn 08726671	issn=08726671
issn 0873111x	issn=0873111x
issn 08742960	issn=08742960
issn 08739846	issn=08739846
issn 16450051	issn=16450051
issn 08743088	issn=08743088
issn 08732019	issn=08732019
issn 09562273	issn=09562273
issn 08738106	issn=08738106
issn 08726507	issn=08726507
issn 16019776	issn=16019776
issn 08736952	issn=08736952
issn 08728518	issn=08728518
issn 00144703	issn=00144703
issn 00178012	issn=00178012
issn 10215611	issn=10215611
issn 08717745	issn=08717745
issn 08735220	issn=08735220
issn 08740879	issn=08740879
issn 08744572	issn=08744572
issn 16457684	issn=16457684
issn 16453743	issn=16453743
issn 08723281	issn=08723281
issn 08726728	issn=08726728
issn 08729603	issn=08729603
issn 08734437	issn=08734437
issn 08736022	issn=08736022
issn 08729999	issn=08729999
issn 11337060	issn=11337060
issn 00208957	issn=00208957
issn 10288376	issn=10288376
issn 00205346	issn=00205346
issn 08736944	issn=08736944
issn 08704376	issn=08704376
issn 08713286	issn=08713286
issn 08725721	issn=08725721
issn 08719101	issn=08719101
issn 08718032	issn=08718032
issn 08721386	issn=08721386
issn 16451961	issn=16451961
issn 16458168	issn=16458168
issn 16452216	issn=16452216
issn 08743185	issn=08743185
issn 08714452	issn=08714452
issn 08731519	issn=08731519
issn 08708614	issn=08708614
issn 0870287x	issn=0870287x
issn 08748640	issn=08748640
issn 08723060	issn=08723060
issn 08734828	issn=08734828
issn 08736383	issn=08736383
issn 04565339	issn=04565339
issn 02431947	issn=02431947
issn 08738092	issn=08738092
issn 00269719	issn=00269719
issn 16453328	issn=16453328
issn 08700702	issn=08700702
issn 08741719	issn=08741719
issn 13431234	issn=13431234
issn 08741727	issn=08741727
issn 08741484	issn=08741484
issn 16457544	issn=16457544
issn 02561743	issn=02561743
issn 13456792	issn=13456792
issn 08704317	issn=08704317
issn 08738076	issn=08738076
issn 08714614	issn=08714614
issn 08734410	issn=08734410
issn 16457633	issn=16457633
issn 08713847	issn=08713847
issn 16455525	issn=16455525
issn 03043274	issn=03043274
issn 08746966	issn=08746966
issn 08724571	issn=08724571
issn 08741441	issn=08741441
issn 08725683	issn=08725683
issn 08729980	issn=08729980
issn 16454243	issn=16454243
issn 08748675	issn=08748675
issn 16450620	issn=16450620
issn 08710961	issn=08710961
issn 08703566	issn=08703566
issn 08707553	issn=08707553
issn 08735875	issn=08735875
issn 08723850	issn=08723850
issn 16453123	issn=16453123
issn 10113657	issn=10113657
issn 08738122	issn=08738122
issn 16454162	issn=16454162
issn 15790975	issn=15790975
issn 10281118	issn=10281118
issn 08715742	issn=08715742
issn 08708444	issn=08708444
issn 18108938	issn=18108938
issn 18108946	issn=18108946
issn 18119131	issn=18119131
issn 08728720	issn=08728720
issn 08747369	issn=08747369
issn 08736979	issn=08736979
issn 16454464	issn=16454464
issn 02566877	issn=02566877
issn 08709408	issn=08709408
issn 08732949	issn=08732949
issn 08716218	issn=08716218
issn 08708908	issn=08708908
issn 16450302	issn=16450302
issn 08704309	issn=08704309
issn 15814602	issn=15814602
issn 08738858	issn=08738858
issn 08718725	issn=08718725
issn 16463684	issn=16463684
issn 08703027	issn=08703027
issn 16462807	issn=16462807
issn 15222187	issn=15222187
issn 16451767	issn=16451767
issn 08701741	issn=08701741
issn 17255376	issn=17255376
issn 15764370	issn=15764370
issn 10751955	issn=10751955
issn 1617982x	issn=1617982x
issn 18540805	issn=18540805
issn 1646480x	issn=1646480x
issn 16462254	issn=16462254
issn 16460928	issn=16460928
issn 16179552	issn=16179552
issn 18307981	issn=18307981
issn 18311903	issn=18311903
issn 18308864	issn=18308864
issn 00794155	issn=00794155
issn 16195132	issn=16195132
issn 16136012	issn=16136012
issn 18305180	issn=18305180
issn 1606089x	issn=1606089x
issn 09687920	issn=09687920
issn 08749019	issn=08749019
issn 11113928	issn=11113928
issn 10266151	issn=10266151
issn 16476247	issn=16476247
issn 1646883x	issn=1646883x
issn 18319947	issn=18319947
issn 15610136	issn=15610136
issn 21823162	issn=21823162
issn 21822298	issn=21822298
issn 16827783	issn=16827783
issn 17251923	issn=17251923
issn 1608389x	issn=1608389x
issn 18311237	issn=18311237
issn 20071795	issn=20071795
issn 16813235	issn=16813235
issn 0474540x	issn=0474540x
issn 04745388	issn=04745388
issn 23152656	issn=23152656
issn 2183198x	issn=2183198x
issn 2182925x	issn=2182925x
issn 21834172	issn=21834172
issn 23630175	issn=23630175
issn 14374250	issn=14374250
issn 29759161	issn=29759161
issn 16475909	issn=16475909
issn 9726471702	issn=9726471702
issn 9726471788	issn=9726471788
issn 972647194x	issn=972647194x
issn 9789726472186	issn=9789726472186
issn 02767910	issn=02767910
issn 08717664	issn=08717664
issn 08714371	issn=08714371
issn 08734704	issn=08734704
issn 02248697	issn=02248697
issn 08725187	issn=08725187
issn 08745692	issn=08745692
issn 08725179	issn=08725179
issn 08749558	issn=08749558
issn 08747105	issn=08747105
issn 0875019x	issn=0875019x
issn 08745315	issn=08745315
issn 0034436	issn=0034436
issn 1645068x	issn=1645068x
issn 08740526	issn=08740526
issn 08728224	issn=08728224
issn 16468139	issn=16468139
issn 05123054	issn=05123054
issn 3852568366	issn=3852568366
issn b0000blqx6	issn=b0000blqx6
issn 9789729814822	issn=9789729814822
issn 08730547	issn=08730547
issn 9725681053	issn=9725681053
issn 972939203x	issn=972939203x
issn 9789898174789	issn=9789898174789
issn 16471369	issn=16471369
issn 08721769	issn=08721769
issn 0872234x	issn=0872234x
issn 08731713	issn=08731713
issn 789727727384	issn=789727727384
issn 9789892321066	issn=9789892321066
issn issn08734410	issn=issn08734410
issn issn08731519	issn=issn08731519
issn isbn 9729838593	issn=isbn 9729838593
issn 08708592	issn=08708592
issn 16812050	issn=16812050
issn 16990889	issn=16990889
issn 08714320	issn=08714320
issn 08729492	issn=08729492
issn 08053560	issn=08053560
issn 01431161	issn=01431161
issn 13658816	issn=13658816
issn 15669076	issn=15669076
issn 16459768	issn=16459768
issn 14472635	issn=14472635
issn 16460839	issn=16460839
issn 16461681	issn=16461681
issn 18309674	issn=18309674
issn 1517669x	issn=1517669x
issn 17253195	issn=17253195
issn 03790991	issn=03790991
issn 18302041	issn=18302041
issn 16476255	issn=16476255
issn 2182164x	issn=2182164x
issn 16476670	issn=16476670
issn 02727714	issn=02727714
issn 17532434	issn=17532434
issn 21828172	issn=21828172
issn 08734860	issn=08734860
issn 16462882	issn=16462882
issn 21841799	issn=21841799
issn 0872225015	issn=0872225015
issn 15723348	issn=15723348
issn 0871438x	issn=0871438x
issn 08717672	issn=08717672
issn 08711666	issn=08711666
issn 08709205	issn=08709205
issn 08739706x	issn=08739706x
issn 08740569	issn=08740569
issn 13249347	issn=13249347
issn 00224995	issn=00224995
issn 03057410	issn=03057410
issn 10695834	issn=10695834
issn 00044687	issn=00044687
issn 01651153	issn=01651153
issn 10571515	issn=10571515
issn 05677254	issn=05677254
issn 07555857	issn=07555857
issn 0019686x	issn=0019686x
issn 00305448	issn=00305448
issn 10112006	issn=10112006
issn 13561863	issn=13561863
issn 08729174	issn=08729174
issn 08741824	issn=08741824
issn 08729352	issn=08729352
issn 0871004x	issn=0871004x
issn 08728496	issn=08728496
issn 10161082	issn=10161082
issn 03060926	issn=03060926
issn 02532875	issn=02532875
issn 08713456	issn=08713456
issn 09721444	issn=09721444
issn 10009140	issn=10009140
issn 05401151	issn=05401151
issn 10018018	issn=10018018
issn 08749671	issn=08749671
issn 02544466	issn=02544466
issn 15692094	issn=15692094
issn 14368234	issn=14368234
issn 16473671	issn=16473671
issn 00438774	issn=00438774
issn 01937774	issn=01937774
issn 00094617	issn=00094617
issn 10009132	issn=10009132
issn 10366008	issn=10366008
issn 07528477	issn=07528477
issn 00141836	issn=00141836
issn 01619705	issn=01619705
issn 07661177	issn=07661177
issn 0016030x	issn=0016030x
issn 05127939	issn=05127939
issn 10004173	issn=10004173
issn 0257943x	issn=0257943x
issn 05124204	issn=05124204
issn 10045945	issn=10045945
issn 10051376	issn=10051376
issn 05780659	issn=05780659
issn 10025995	issn=10025995
issn 10031774	issn=10031774
issn 05114772	issn=05114772
issn 10052151	issn=10052151
issn 09609083	issn=09609083
issn 00456764	issn=00456764
issn 02569043	issn=02569043
issn 11586400	issn=11586400
issn 10049371	issn=10049371
issn 09816518	issn=09816518
issn 09267263	issn=09267263
issn 7899987644	issn=7899987644
issn 790036627x	issn=790036627x
issn 7980045076	issn=7980045076
issn 7899999227	issn=7899999227
issn 7899961432	issn=7899961432
issn 9993765805	issn=9993765805
issn 789998730x	issn=789998730x
issn 7900017801	issn=7900017801
issn 789995794x	issn=789995794x
issn 7900172017	issn=7900172017
issn 789957923	issn=789957923
issn 972810765x	issn=972810765x
issn 9725653793	issn=9725653793
issn 9725653769	issn=9725653769
issn 9725653750	issn=9725653750
issn 9728740107	issn=9728740107
issn 8489523061	issn=8489523061
issn 9729865582	issn=9729865582
issn 03940462	issn=03940462
issn 10798021	issn=10798021
issn 09733248	issn=09733248
issn 19703449	issn=19703449
issn 05782953	issn=05782953
issn 18840655	issn=18840655
issn 20765479	issn=20765479
issn 19051158	issn=19051158
issn 17275148	issn=17275148
issn 20051123	issn=20051123
issn 21603510	issn=21603510
issn 1991525x	issn=1991525x
issn 20772491	issn=20772491
issn 12480967	issn=12480967
issn 16733258	issn=16733258
issn 22610545	issn=22610545
issn 19944470	issn=19944470
issn 20964226	issn=20964226
issn 02547856	issn=02547856
issn 25902067	issn=25902067
issn 25779842	issn=25779842
issn 08745948	issn=08745948
issn 12861715	issn=12861715
issn 21833613	issn=21833613
issn 00043532	issn=00043532
issn 08599009	issn=08599009
issn 03952681	issn=03952681
issn 01533320	issn=01533320
issn 1164382x	issn=1164382x
issn 02237253	issn=02237253
issn 03878636	issn=03878636
issn 09705074	issn=09705074
issn 12967874	issn=12967874
issn 07538723	issn=07538723
issn 01822373	issn=01822373
issn 09930701	issn=09930701
issn 00393851	issn=00393851
issn 08879346	issn=08879346
issn 02589184	issn=02589184
issn 9727660932	issn=9727660932
issn 9789724152523	issn=9789724152523
issn 9788461149964	issn=9788461149964
issn 2070311805	issn=2070311805
issn 2070364232	issn=2070364232
issn 08715165	issn=08715165
issn 9789722118873	issn=9789722118873
issn 21827931	issn=21827931
issn 16478843	issn=16478843
issn 9729441456	issn=9729441456
issn 08700036	issn=08700036
issn 0873237x	issn=0873237x
issn 08733171	issn=08733171